Team,TrainingThrough,HomeScoredRate,HomeConcededRate,AwayScoredRate,AwayConcededRate,HomeAttackRatio,AwayConcessionRatio,AwayAttackRatio,HomeConcessionRatio
Arsenal,2026-01-01,2.6,0.5,1.2222222222222223,0.7777777777777778,1.668918918918919,0.4992492492492493,1.0096618357487923,0.41304347826086957
Aston Villa,2026-01-01,1.6666666666666667,0.7777777777777778,1.5,1.6,1.0698198198198199,1.0270270270270272,1.2391304347826086,0.642512077294686
Bournemouth,2026-01-01,1.2222222222222223,0.6666666666666666,1.8,2.9,0.7845345345345346,1.8614864864864864,1.4869565217391305,0.5507246376811594
Brentford,2026-01-01,2.0,1.0,0.8888888888888888,1.7777777777777777,1.2837837837837838,1.1411411411411412,0.7342995169082125,0.8260869565217391
Brighton,2026-01-01,1.7777777777777777,1.2222222222222223,1.2,1.6,1.1411411411411412,1.0270270270270272,0.9913043478260869,1.0096618357487923
Burnley,2026-01-01,0.8,1.3,1.3333333333333333,2.6666666666666665,0.5135135135135136,1.7117117117117118,1.1014492753623188,1.0739130434782609
Chelsea,2026-01-01,1.5,1.1,1.8888888888888888,1.1111111111111112,0.9628378378378378,0.7132132132132133,1.5603864734299517,0.9086956521739131
Crystal Palace,2026-01-01,1.0,1.2,1.3333333333333333,1.0,0.6418918918918919,0.6418918918918919,1.1014492753623188,0.9913043478260869
Everton,2026-01-01,1.2222222222222223,1.1111111111111112,0.9,1.0,0.7845345345345346,0.6418918918918919,0.7434782608695653,0.9178743961352658
Fulham,2026-01-01,1.6666666666666667,1.1111111111111112,1.1,1.7,1.0698198198198199,1.0912162162162162,0.9086956521739131,0.9178743961352658
Leeds,2026-01-01,1.8888888888888888,1.3333333333333333,0.8,2.0,1.2124624624624625,1.2837837837837838,0.6608695652173914,1.1014492753623188
Liverpool,2026-01-01,1.5,1.0,1.6666666666666667,1.7777777777777777,0.9628378378378378,1.1411411411411412,1.3768115942028987,0.8260869565217391
Man City,2026-01-01,2.7777777777777777,0.6666666666666666,1.8,1.1,1.783033033033033,0.7060810810810811,1.4869565217391305,0.5507246376811594
Man United,2026-01-01,1.8,1.3,1.6666666666666667,1.7777777777777777,1.1554054054054055,1.1411411411411412,1.3768115942028987,1.0739130434782609
Newcastle,2026-01-01,1.7777777777777777,1.3333333333333333,1.0,1.2,1.1411411411411412,0.7702702702702703,0.8260869565217391,1.1014492753623188
Nott'm Forest,2026-01-01,1.2,1.7,0.6666666666666666,1.4444444444444444,0.7702702702702703,0.9271771771771772,0.5507246376811594,1.4043478260869564
Sunderland,2026-01-01,1.6,0.8,0.4444444444444444,1.1111111111111112,1.0270270270270272,0.7132132132132133,0.36714975845410625,0.6608695652173914
Tottenham,2026-01-01,1.2222222222222223,1.2222222222222223,1.6,1.2,0.7845345345345346,0.7702702702702703,1.3217391304347827,1.0096618357487923
West Ham,2026-01-01,1.2,2.3,1.0,1.6666666666666667,0.7702702702702703,1.0698198198198199,0.8260869565217391,1.9
Wolves,2026-01-01,0.7777777777777778,2.5555555555555554,0.4,1.7,0.4992492492492493,1.0912162162162162,0.3304347826086957,2.111111111111111
