Team,ExpectedPts,Pts_p05,Pts_p95,ExpectedRank,ChampionProb,Top4Prob,RelegationProb,ActualPts,ActualRank_display,ActualPtsIn90Interval
Arsenal,85.8843,78.0,93.0,1.35995,0.65605,1.0,0.0,85,1,True
Man City,82.7605,75.0,91.0,1.72525,0.33825,0.9997,0.0,78,2,True
Aston Villa,72.0221,63.0,81.0,3.17985,0.0055,0.9479,0.0,65,4,True
Chelsea,61.947,53.0,71.0,5.54235,0.0001,0.4334,0.0,52,10,False
Liverpool,59.9817,51.0,69.0,6.68655,0.0001,0.2378,0.0,60,5,True
Man United,57.6636,49.0,67.0,7.8027,0.0,0.1357,0.0,71,3,False
Newcastle,54.6795,46.0,63.0,9.37705,0.0,0.052,0.0001,49,12,True
Tottenham,54.0846,45.0,63.0,9.6826,0.0,0.0466,0.0001,41,17,False
Everton,54.3492,46.0,63.0,9.785,0.0,0.0413,0.0,49,13,True
Sunderland,53.9781,46.0,62.0,9.9182,0.0,0.0293,0.0001,54,7,True
Crystal Palace,52.835,44.0,62.0,10.6064,0.0,0.0235,0.0003,45,15,True
Brentford,52.3461,44.0,60.0,10.96385,0.0,0.0141,0.0002,53,9,True
Fulham,52.1507,44.0,61.0,11.15385,0.0,0.0193,0.0003,52,11,True
Brighton,50.5993,42.0,59.0,11.88565,0.0,0.0111,0.0011,53,8,True
Bournemouth,50.4623,42.0,59.0,12.1512,0.0,0.0075,0.0017,57,6,True
Leeds,45.9139,38.0,54.0,14.4049,0.0,0.0008,0.0132,47,14,True
Nott'm Forest,35.041,27.0,44.0,17.40605,0.0,0.0,0.4327,44,16,True
West Ham,33.1379,25.0,42.0,17.76335,0.0,0.0,0.63365,39,18,True
Burnley,27.761,20.0,36.0,18.61215,0.0,0.0,0.91655,22,19,True
Wolves,12.1889,6.0,19.0,19.9931,0.0,0.0,1.0,20,20,False
