Rank,Team,W,D,L,GD,Pts
1,Arsenal,26,7,5,44,85
2,Man City,23,9,6,42,78
3,Man United,20,11,7,19,71
4,Aston Villa,19,8,11,7,65
5,Liverpool,17,9,12,10,60
6,Bournemouth,13,18,7,4,57
7,Sunderland,14,12,12,-6,54
8,Brighton,14,11,13,6,53
9,Brentford,14,11,13,3,53
10,Chelsea,14,10,14,6,52
11,Fulham,15,7,16,4,52
12,Newcastle,14,7,17,-2,49
13,Everton,13,10,15,-3,49
14,Leeds,11,14,13,-7,47
15,Crystal Palace,11,12,15,-10,45
16,Nott'm Forest,11,11,16,-3,44
17,Tottenham,10,11,17,-9,41
18,West Ham,10,9,19,-19,39
19,Burnley,4,10,24,-37,22
20,Wolves,3,11,24,-41,20
