ID,Date,Severity,Finding,Action,Status,Owner,Evidence
QA-001,2026-10-02,High,Pasted draft uses Pinnacle closing odds despite provider staleness warning,Use fixed AvgCH AvgCD AvgCA triplet and valid common sample,Design corrected; verify runtime,Ankit Karki,https://www.football-data.co.uk/data.php
QA-002,2026-10-02,High,Fixed 0-10 goal grid can omit material mass at high rates,Expand grid until omitted mass below 1e-8 and record tail,Design corrected; verify tests,Ankit Karki,Proposal mathematical approach
QA-003,2026-10-02,High,First-190-row season cutoff can split a date,Use first complete date boundary at or after 190 results,Design corrected; verify output,Ankit Karki,Proposal season backtest
QA-004,2026-10-02,Medium,Claiming exactly 280 predictions can conflict with date-only warmup handling,Skip full warmup date and report actual evaluated count,Design corrected; verify output,Ankit Karki,Proposal walk-forward protocol
QA-005,2026-10-02,Medium,Three-SE simulation test and 90 percent interval coverage were phrased as guaranteed passes,Treat random discrepancy and empirical coverage as diagnostics not guaranteed outcomes,Corrected in QA plan,Ankit Karki,qa/Test_Plan.md
QA-006,2026-10-02,High,Other member names and Canvas due dates were not supplied,Leave clearly marked fields for group to complete,Pending group input,Group Lead,docs/Proposal.md
QA-007,2026-10-02,High,Part 2 Results Requirements are absent from repository,Obtain from Canvas and reconcile final deliverables,Pending instructor/course document,Project Planner,Repository inventory
QA-008,2026-10-02,Medium,Rebuilding the same CSV is not an independent official table verification,Obtain authoritative 2025/26 table and reconcile numbers,Pending manual verification,Ankit Karki,QA case D06
QA-009,2026-10-02,Low,Direct curl TLS retrieval failed in this sandbox,Downloaded historical CSV via browser; verified equality with extraction copy,Resolved for historical snapshot,Project Planner,data/provenance.json
QA-010,2026-10-02,Medium,Live CSV snapshot includes only results through Sep 20 and no saved prospective forecast,Keep extension optional and do not call past results a live forecast,Open extension dependency,Project Planner,data/raw/E0_2627.csv
QA-011,2026-10-02,Medium,Public repo and provider reuse conditions require raw-data handling,Ignore raw CSVs in public Git; use private coursework copies and attribution,Implemented locally; verify before push,Group Lead,https://www.football-data.co.uk/data.php
QA-012,2026-10-02,Low,Pasted claim of no xG does not hold for the inspected 2026/27 schema,HxG and AxG are present but intentionally excluded from both core models,Documented scope decision,Project Planner,docs/Proposal.md
QA-013,2026-10-02,Medium,Independent NBC article states Fulham GD as positive 4 but frozen scores give negative 4,Preserve discrepancy; all 20 ranks W D L points agree and other 19 GD agree; verify official full table,Pending authoritative resolution,Ankit Karki,qa/Independent_Table_Comparison.csv
QA-014,2026-10-02,Medium,LibreOffice recalculation of unprefixed POISSON.DIST produced NAME errors,Replace workbook grid formulas with direct EXP powers FACT Poisson definition and recalculate,Fix applied; re-verification pending,Ankit Karki,scripts/build_qa_workbook.py
